time_ms,cpu_usage,active_workers,queue_len
0,0,0,1000
10,130,8,992
20,130,8,992
31,130,8,992
41,130,8,992
51,130,8,992
61,130,8,992
71,130,8,992
82,130,8,992
92,130,8,992
102,130,8,992
112,130,8,992
122,130,8,986
133,130,8,986
143,130,8,986
154,130,8,986
164,130,8,986
174,130,8,986
184,130,8,986
195,130,8,986
205,130,8,986
215,130,8,986
225,130,8,986
235,130,8,986
245,130,8,980
255,130,8,980
265,130,8,980
275,130,8,980
285,130,8,980
295,130,8,980
305,80,8,978
315,80,8,978
325,80,8,978
335,80,8,978
345,80,8,978
355,80,8,978
365,105,8,972
375,105,8,972
385,105,8,972
396,105,8,972
406,105,8,972
416,105,8,972
426,105,8,970
437,105,8,970
447,105,8,970
457,105,8,970
467,105,8,970
477,105,8,970
487,105,8,965
497,105,8,965
507,105,8,965
518,105,8,965
528,105,8,965
538,105,8,965
548,105,8,963
559,105,8,963
569,105,8,963
580,105,8,963
590,105,8,963
600,95,7,963
610,105,8,958
621,105,8,958
631,105,8,958
641,105,8,958
652,105,8,958
662,80,8,955
672,80,8,955
682,80,8,955
693,80,8,955
703,80,8,955
713,80,8,955
724,80,8,950
734,80,8,950
744,80,8,950
754,80,8,950
765,80,8,950
775,80,8,950
785,105,8,947
796,105,8,947
806,105,8,947
816,105,8,947
827,105,8,947
837,105,8,947
847,105,8,942
858,105,8,942
868,105,8,942
878,105,8,942
888,105,8,942
899,105,8,942
909,105,8,940
919,105,8,940
929,105,8,940
940,105,8,940
950,105,8,940
960,105,8,940
971,105,8,935
981,105,8,935
992,105,8,935
1002,105,8,935
1012,105,8,935
1022,105,8,933
1033,105,8,933
1043,105,8,933
1053,105,8,933
1064,105,8,933
1074,105,8,933
1084,105,8,927
1094,105,8,927
1105,105,8,927
1115,105,8,927
1125,105,8,927
1135,105,8,927
1145,105,8,925
1155,105,8,925
1165,105,8,925
1176,105,8,925
1186,105,8,925
1197,105,8,925
1207,105,8,920
1217,105,8,920
1227,105,8,920
1238,105,8,920
1248,105,8,920
1258,105,8,920
1268,105,8,918
1278,105,8,918
1288,105,8,918
1299,105,8,918
1309,105,8,918
1319,105,8,918
1329,105,8,913
1340,105,8,913
1350,105,8,913
1360,105,8,913
1370,105,8,913
1380,105,8,913
1390,80,8,910
1400,80,8,910
1411,80,8,910
1421,80,8,910
1432,80,8,910
1442,80,8,909
1453,105,8,905
1463,105,8,905
1474,105,8,905
1484,105,8,905
1495,105,8,905
1505,105,8,902
1515,105,8,902
1525,105,8,902
1535,105,8,902
1545,105,8,902
1556,105,8,902
1566,105,8,898
1576,105,8,898
1586,105,8,898
1596,105,8,898
1606,105,8,898
1616,105,8,898
1626,105,8,895
1637,105,8,895
1647,105,8,895
1657,105,8,895
1668,105,8,895
1678,105,8,895
1688,105,8,891
1698,105,8,891
1709,105,8,891
1719,105,8,891
1729,105,8,891
1739,105,8,891
1749,105,8,887
1760,105,8,887
1770,105,8,887
1780,105,8,887
1790,105,8,887
1800,105,8,887
1811,105,8,883
1821,105,8,883
1831,105,8,883
1842,105,8,883
1852,105,8,883
1862,105,8,883
1872,105,8,880
1882,105,8,880
1892,105,8,880
1903,105,8,880
1913,105,8,880
1923,105,8,878
1933,105,8,876
1943,105,8,876
1953,105,8,876
1964,105,8,876
1974,105,8,876
1984,105,8,873
1995,105,8,873
2005,105,8,873
2015,105,8,873
2025,105,8,873
2035,105,8,873
2045,105,8,868
2056,105,8,868
2066,105,8,868
2076,105,8,868
2086,105,8,868
2096,105,8,868
2106,105,8,865
2116,105,8,865
2126,105,8,865
2136,105,8,865
2146,105,8,865
2157,105,8,865
2167,105,8,861
2178,105,8,861
2188,105,8,861
2199,105,8,861
2210,105,8,861
2220,105,8,861
2230,105,8,858
2241,105,8,858
2251,105,8,858
2262,105,8,858
2273,105,8,858
2283,105,8,858
2294,105,8,854
2304,105,8,854
2315,105,8,854
2325,105,8,854
2336,105,8,854
2346,80,8,850
2357,80,8,850
2367,80,8,850
2378,80,8,850
2388,80,8,850
2398,80,8,850
2409,105,8,846
2419,105,8,846
2430,105,8,846
2440,105,8,846
2451,105,8,846
2461,105,8,846
2472,105,8,842
2482,105,8,842
2492,105,8,842
2503,105,8,842
2513,105,8,842
2523,105,8,842
2533,105,8,839
2544,105,8,839
2554,105,8,839
2565,105,8,839
2575,105,8,839
2586,105,8,835
2596,105,8,835
2606,105,8,835
2616,105,8,835
2627,105,8,835
2637,105,8,835
2647,105,8,832
2658,105,8,832
2668,105,8,832
2678,105,8,832
2688,105,8,832
2698,105,8,832
2708,80,8,827
2718,80,8,827
2729,80,8,827
2739,80,8,827
2749,80,8,827
2759,80,8,827
2769,80,8,824
2780,80,8,824
2790,80,8,824
2801,80,8,824
2811,80,8,824
2821,80,8,824
2832,80,8,819
2842,80,8,819
2852,80,8,819
2862,80,8,819
2873,80,8,819
2883,80,8,819
2893,80,8,816
2903,80,8,816
2913,80,8,816
2923,80,8,816
2933,80,8,816
2944,70,7,816
2954,105,8,811
2965,105,8,811
2975,105,8,811
2986,105,8,811
2996,105,8,811
3006,105,8,809
3016,105,8,808
3027,105,8,808
3037,105,8,808
3048,105,8,808
3058,105,8,808
3068,105,8,804
3078,105,8,804
3088,105,8,804
3099,105,8,804
3109,105,8,804
3119,105,8,804
3129,105,8,801
3140,105,8,801
3150,105,8,801
3160,105,8,801
3170,105,8,801
3181,105,8,801
3191,130,8,797
3201,130,8,797
3211,130,8,797
3222,130,8,797
3232,130,8,797
3242,130,8,797
3253,205,8,793
3263,205,8,793
3273,205,8,793
3283,205,8,793
3294,205,8,793
3304,205,8,793
3314,280,8,790
3324,280,8,790
3334,280,8,790
3345,280,8,790
3355,280,8,790
3366,280,8,790
3376,280,8,790
3386,280,8,790
3396,280,8,790
3407,280,8,790
3417,280,8,790
3427,280,8,790
3437,280,8,790
3447,280,8,790
3457,280,8,790
3467,280,8,790
3478,280,8,790
3488,280,8,789
3498,280,8,789
3509,280,8,789
3519,280,8,789
3529,280,8,789
3540,280,8,789
3550,280,8,785
3560,280,8,785
3571,280,8,785
3581,280,8,785
3591,280,8,785
3601,280,8,785
3611,280,8,782
3621,280,8,782
3632,280,8,782
3642,280,8,782
3653,280,8,782
3663,280,8,782
3674,280,8,782
3684,280,8,782
3694,280,8,782
3704,280,8,782
3714,280,8,782
3725,280,8,782
3735,280,8,782
3746,280,8,782
3756,280,8,782
3767,280,8,782
3777,280,8,782
3788,280,8,781
3798,280,8,781
3809,280,8,781
3819,280,8,781
3829,280,8,781
3840,280,8,781
3850,280,8,777
3861,280,8,777
3871,280,8,777
3881,280,8,777
3892,280,8,777
3902,280,8,777
3913,280,8,774
3923,280,8,774
3933,280,8,774
3943,280,8,774
3954,280,8,774
3964,280,8,774
3974,280,8,774
3984,280,8,774
3994,280,8,774
4004,280,8,774
4015,280,8,774
4025,280,8,774
4035,280,8,774
4045,280,8,774
4055,280,8,774
4065,280,8,774
4076,280,8,774
4086,280,8,774
4096,280,8,773
4107,280,8,773
4117,280,8,773
4128,280,8,773
4138,280,8,773
4148,280,8,770
4158,280,8,769
4169,280,8,769
4179,280,8,769
4189,280,8,769
4199,280,8,769
4210,280,8,766
4220,280,8,766
4230,280,8,766
4240,280,8,766
4250,280,8,766
4260,280,8,766
4271,280,8,766
4281,280,8,766
4292,280,8,766
4302,280,8,766
4312,280,8,766
4322,280,8,766
4332,280,8,766
4342,280,8,766
4352,280,8,766
4362,280,8,766
4372,280,8,766
4383,280,8,766
4393,280,8,765
4403,280,8,765
4413,280,8,765
4423,280,8,765
4433,280,8,765
4444,280,8,765
4454,280,8,761
4465,280,8,761
4475,280,8,761
4486,280,8,761
4496,280,8,761
4507,280,8,758
4517,280,8,758
4528,280,8,758
4538,280,8,758
4549,280,8,758
4559,280,8,758
4570,280,8,758
4580,280,8,758
4591,280,8,758
4601,280,8,758
4612,280,8,758
4622,280,8,758
4632,280,8,758
4643,280,8,758
4653,280,8,758
4664,280,8,758
4674,280,8,758
4684,280,8,758
4694,280,8,757
4705,280,8,757
4715,280,8,757
4725,280,8,757
4735,280,8,757
4745,280,8,757
4756,280,8,753
4766,280,8,753
4776,280,8,753
4787,280,8,753
4797,280,8,753
4808,280,8,750
4818,280,8,750
4828,280,8,750
4839,280,8,750
4849,280,8,750
4859,280,8,750
4869,280,8,750
4880,280,8,750
4890,280,8,750
4900,280,8,750
4911,280,8,750
4921,280,8,750
4931,280,8,750
4942,280,8,750
4952,280,8,750
4962,280,8,750
4972,280,8,750
4983,280,8,750
4993,280,8,749
5004,280,8,749
5014,280,8,749
5025,280,8,749
5035,280,8,749
5046,280,8,749
5056,280,8,745
5067,280,8,745
5077,280,8,745
5088,280,8,745
5098,280,8,745
5109,280,8,742
5119,280,8,742
5130,280,8,742
5140,280,8,742
5151,280,8,742
5161,280,8,742
5172,280,8,742
5182,280,8,742
5193,280,8,742
5203,280,8,742
5214,280,8,742
5224,280,8,742
5234,280,8,742
5244,280,8,742
5255,280,8,742
5265,280,8,742
5275,280,8,742
5285,280,8,742
5296,280,8,741
5306,280,8,741
5316,280,8,741
5326,280,8,741
5336,280,8,741
5346,280,8,741
5356,280,8,737
5366,280,8,737
5377,280,8,737
5387,280,8,737
5397,280,8,737
5407,280,8,734
5418,280,8,734
5428,280,8,734
5438,280,8,734
5448,280,8,734
5459,280,8,734
5469,280,8,734
5479,280,8,734
5489,280,8,734
5499,280,8,734
5510,280,8,734
5520,280,8,734
5530,280,8,734
5540,280,8,734
5551,280,8,734
5561,280,8,734
5571,280,8,734
5581,280,8,734
5591,280,8,733
5602,280,8,733
5612,280,8,733
5622,280,8,733
5632,280,8,733
5642,280,8,733
5652,280,8,729
5663,280,8,729
5673,280,8,729
5683,280,8,729
5694,280,8,729
5704,280,8,729
5714,280,8,726
5725,280,8,726
5735,280,8,726
5745,280,8,726
5755,280,8,726
5766,280,8,726
5776,280,8,726
5787,280,8,726
5797,280,8,726
5807,280,8,726
5817,280,8,726
5828,280,8,726
5838,280,8,726
5848,280,8,726
5858,280,8,726
5868,280,8,726
5879,280,8,726
5889,280,8,725
5899,280,8,725
5909,280,8,725
5919,280,8,725
5930,280,8,725
5940,280,8,725
5950,280,8,721
5960,280,8,721
5971,280,8,721
5981,280,8,721
5992,280,8,721
6002,280,8,721
6013,280,8,718
6023,280,8,718
6033,280,8,718
6044,280,8,718
6054,280,8,718
6064,280,8,718
6074,280,8,718
6084,280,8,718
6094,280,8,718
6105,280,8,718
6115,280,8,718
6125,280,8,718
6135,280,8,718
6146,280,8,718
6156,280,8,718
6166,280,8,718
6176,280,8,718
6186,280,8,718
6197,280,8,717
6207,280,8,717
6217,280,8,717
6227,280,8,717
6237,280,8,717
6248,280,8,717
6258,280,8,713
6268,280,8,713
6278,280,8,713
6288,280,8,713
6298,280,8,713
6308,280,8,710
6318,280,8,710
6328,280,8,710
6339,280,8,710
6349,280,8,710
6359,280,8,710
6369,280,8,710
6379,280,8,710
6389,280,8,710
6400,280,8,710
6410,280,8,710
6421,280,8,710
6431,280,8,710
6441,280,8,710
6451,280,8,710
6461,280,8,710
6472,280,8,710
6482,280,8,710
6493,280,8,709
6503,280,8,709
6513,280,8,709
6523,280,8,709
6534,280,8,709
6544,280,8,709
6554,280,8,705
6564,280,8,705
6574,280,8,705
6584,280,8,705
6594,280,8,705
6604,280,8,705
6615,280,8,702
6625,280,8,702
6635,280,8,702
6646,280,8,702
6656,280,8,702
6667,280,8,702
6677,280,8,702
6687,280,8,702
6697,280,8,702
6708,280,8,702
6718,280,8,702
6728,280,8,702
6738,280,8,702
6749,280,8,702
6759,280,8,702
6769,280,8,702
6779,280,8,702
6790,280,8,701
6800,280,8,701
6810,280,8,701
6820,280,8,701
6830,280,8,701
6840,280,8,701
6851,280,8,697
6861,280,8,697
6871,280,8,697
6882,280,8,697
6892,280,8,697
6902,280,8,697
6912,280,8,694
6923,280,8,694
6933,280,8,694
6944,280,8,694
6954,280,8,694
6964,280,8,694
6974,280,8,694
6985,280,8,694
6995,280,8,694
7005,280,8,694
7015,280,8,694
7025,280,8,694
7036,280,8,694
7046,280,8,694
7056,280,8,694
7067,280,8,694
7077,280,8,694
7087,280,8,694
7097,280,8,693
7107,280,8,693
7117,280,8,693
7128,280,8,693
7138,280,8,693
7148,280,8,693
7159,280,8,689
7169,280,8,689
7179,280,8,689
7189,280,8,689
7199,280,8,689
7209,280,8,686
7219,280,8,686
7230,280,8,686
7240,280,8,686
7250,280,8,686
7261,280,8,686
7271,280,8,686
7281,280,8,686
7291,280,8,686
7302,280,8,686
7312,280,8,686
7322,280,8,686
7332,280,8,686
7342,280,8,686
7352,280,8,686
7362,280,8,686
7372,280,8,686
7383,280,8,686
7393,280,8,685
7403,280,8,685
7413,280,8,685
7423,280,8,685
7434,280,8,685
7444,280,8,685
7454,280,8,681
7464,280,8,681
7475,280,8,681
7485,280,8,681
7496,280,8,681
7506,280,8,681
7517,280,8,678
7527,280,8,678
7537,280,8,678
7547,280,8,678
7558,280,8,678
7568,280,8,678
7578,280,8,678
7588,280,8,678
7598,280,8,678
7608,280,8,678
7619,280,8,678
7629,280,8,678
7639,280,8,678
7649,280,8,678
7660,280,8,678
7670,280,8,678
7680,280,8,678
7690,245,7,678
7700,280,8,677
7711,280,8,677
7721,280,8,677
7731,280,8,677
7741,280,8,677
7752,280,8,673
7762,280,8,673
7772,280,8,673
7782,280,8,673
7792,280,8,673
7802,280,8,673
7813,280,8,670
7823,280,8,670
7833,280,8,670
7843,280,8,670
7854,280,8,670
7864,280,8,670
7875,280,8,670
7885,280,8,670
7896,280,8,670
7906,280,8,670
7917,280,8,670
7927,280,8,670
7938,280,8,670
7948,280,8,670
7959,280,8,670
7969,280,8,670
7980,280,8,670
7990,280,8,669
8001,280,8,669
8011,280,8,669
8022,280,8,669
8032,280,8,669
8043,280,8,669
8053,280,8,665
8064,280,8,665
8074,280,8,665
8085,280,8,665
8095,280,8,665
8105,280,8,665
8115,280,8,662
8125,280,8,662
8135,280,8,662
8145,280,8,662
8155,280,8,662
8165,280,8,662
8176,280,8,662
8186,280,8,662
8196,280,8,662
8207,280,8,662
8217,280,8,662
8228,280,8,662
8238,280,8,662
8248,280,8,662
8258,280,8,662
8268,280,8,662
8279,280,8,662
8289,280,8,662
8299,280,8,661
8309,280,8,661
8320,280,8,661
8330,280,8,661
8340,280,8,661
8350,280,8,661
8360,280,8,657
8370,280,8,657
8380,280,8,657
8390,280,8,657
8400,280,8,657
8410,280,8,654
8421,280,8,654
8431,280,8,654
8441,280,8,654
8452,280,8,654
8462,280,8,654
8472,280,8,654
8483,280,8,654
8493,280,8,654
8504,280,8,654
8514,280,8,654
8525,280,8,654
8535,280,8,654
8545,280,8,654
8555,280,8,654
8566,280,8,654
8576,280,8,654
8587,280,8,654
8597,280,8,653
8607,280,8,653
8617,280,8,653
8628,280,8,653
8638,280,8,653
8648,280,8,653
8658,280,8,649
8668,280,8,649
8678,280,8,649
8688,280,8,649
8698,280,8,649
8708,245,7,649
8718,280,8,646
8729,280,8,646
8739,280,8,646
8749,280,8,646
8759,280,8,646
8769,280,8,646
8780,280,8,646
8790,280,8,646
8800,280,8,646
8810,280,8,646
8820,280,8,646
8831,280,8,646
8841,280,8,646
8851,280,8,646
8861,280,8,646
8871,280,8,646
8881,280,8,646
8891,280,8,645
8901,280,8,645
8911,280,8,645
8921,280,8,645
8931,280,8,645
8942,280,8,645
8952,280,8,642
8963,280,8,641
8973,280,8,641
8984,280,8,641
8994,280,8,641
9005,280,8,641
9015,280,8,638
9026,280,8,638
9036,280,8,638
9047,280,8,638
9057,280,8,638
9068,280,8,638
9078,280,8,638
9088,280,8,638
9098,280,8,638
9108,280,8,638
9118,280,8,638
9129,280,8,638
9139,280,8,638
9149,280,8,638
9159,280,8,638
9170,280,8,638
9180,280,8,638
9190,280,8,638
9200,280,8,637
9210,280,8,637
9221,280,8,637
9231,280,8,637
9241,280,8,637
9251,280,8,636
9261,280,8,633
9271,280,8,633
9281,280,8,633
9292,280,8,633
9302,280,8,633
9313,280,8,630
9323,280,8,630
9333,280,8,630
9343,280,8,630
9353,280,8,630
9363,280,8,630
9373,280,8,630
9383,280,8,630
9393,280,8,630
9403,280,8,630
9413,280,8,630
9423,280,8,630
9434,280,8,630
9444,280,8,630
9454,280,8,630
9464,280,8,630
9474,280,8,630
9485,280,8,630
9495,280,8,629
9505,280,8,629
9515,280,8,629
9526,280,8,629
9536,280,8,629
9546,280,8,629
9557,280,8,625
9567,280,8,625
9577,280,8,625
9587,280,8,625
9597,280,8,625
9607,280,8,625
9617,280,8,622
9628,280,8,622
9638,280,8,622
9648,280,8,622
9659,280,8,622
9669,280,8,622
9679,280,8,622
9689,280,8,622
9700,280,8,622
9710,280,8,622
9720,280,8,622
9730,280,8,622
9740,280,8,622
9750,280,8,622
9760,280,8,622
9771,280,8,622
9781,280,8,622
9791,280,8,621
9801,280,8,621
9812,280,8,621
9822,280,8,621
9832,280,8,621
9843,280,8,621
9853,280,8,617
9863,280,8,617
9874,280,8,617
9884,280,8,617
9894,280,8,617
9905,280,8,617
9915,280,8,614
9926,280,8,614
9936,280,8,614
9946,280,8,614
9956,280,8,614
9966,280,8,614
9977,280,8,614
9987,280,8,614
9998,280,8,614
10008,280,8,614
10018,280,8,614
10029,280,8,614
10039,280,8,614
10049,280,8,614
10059,280,8,614
10069,280,8,614
10079,280,8,614
10090,280,8,614
10101,280,8,613
10111,280,8,613
10121,280,8,613
10131,280,8,613
10141,280,8,613
10151,245,7,613
10161,280,8,609
10171,280,8,609
10182,280,8,609
10192,280,8,609
10202,280,8,609
10213,280,8,606
10223,280,8,606
10233,280,8,606
10243,280,8,606
10253,280,8,606
10263,280,8,606
10274,280,8,606
10284,280,8,606
10294,280,8,606
10305,280,8,606
10315,280,8,606
10325,280,8,606
10335,280,8,606
10346,280,8,606
10356,280,8,606
10366,280,8,606
10377,280,8,606
10387,280,8,606
10397,280,8,605
10407,280,8,605
10417,280,8,605
10428,280,8,605
10438,280,8,605
10448,280,8,605
10458,280,8,601
10468,280,8,601
10479,280,8,601
10489,280,8,601
10500,280,8,601
10510,280,8,600
10521,280,8,598
10531,280,8,598
10541,280,8,598
10551,280,8,598
10562,280,8,598
10572,280,8,598
10582,280,8,598
10592,280,8,598
10603,280,8,598
10613,280,8,598
10624,280,8,598
10634,280,8,598
10644,280,8,598
10654,280,8,598
10664,280,8,598
10675,280,8,598
10685,280,8,598
10696,280,8,597
10706,280,8,597
10717,280,8,597
10727,280,8,597
10738,280,8,597
10748,280,8,597
10759,280,8,593
10769,280,8,593
10780,280,8,593
10790,280,8,593
10801,280,8,593
10811,245,7,591
10822,280,8,590
10832,280,8,590
10843,280,8,590
10853,280,8,590
10864,280,8,590
10874,280,8,590
10885,280,8,590
10895,280,8,590
10906,280,8,590
10916,280,8,590
10926,280,8,590
10937,280,8,590
10947,280,8,590
10957,280,8,590
10967,280,8,590
10978,280,8,590
10988,280,8,590
10998,280,8,589
11009,280,8,589
11019,280,8,589
11029,280,8,589
11039,280,8,589
11049,280,8,589
11060,280,8,585
11070,280,8,585
11081,280,8,585
11091,280,8,585
11101,280,8,585
11111,280,8,584
11122,280,8,582
11132,280,8,582
11142,280,8,582
11152,280,8,582
11162,280,8,582
11172,280,8,582
11182,280,8,582
11192,280,8,582
11203,280,8,582
11213,280,8,582
11223,280,8,582
11233,280,8,582
11243,280,8,582
11253,280,8,582
11263,280,8,582
11274,280,8,582
11284,280,8,582
11294,280,8,581
11304,280,8,581
11314,280,8,581
11324,280,8,581
11334,280,8,581
11344,280,8,581
11355,280,8,577
11365,280,8,577
11375,280,8,577
11385,280,8,577
11395,280,8,577
11405,280,8,577
11415,280,8,574
11426,280,8,574
11436,280,8,574
11446,280,8,574
11456,280,8,574
11466,280,8,574
11476,280,8,574
11487,280,8,574
11497,280,8,574
11507,280,8,574
11518,280,8,574
11528,280,8,574
11538,280,8,574
11549,280,8,574
11559,280,8,574
11570,280,8,574
11580,280,8,574
11590,280,8,574
11600,280,8,573
11610,280,8,573
11620,280,8,573
11630,280,8,573
11641,280,8,573
11651,280,8,573
11661,280,8,569
11671,280,8,569
11681,280,8,569
11691,280,8,569
11701,280,8,569
11711,280,8,568
11721,280,8,566
11731,280,8,566
11741,280,8,566
11752,280,8,566
11762,280,8,566
11772,280,8,566
11783,280,8,566
11793,280,8,566
11803,280,8,566
11814,280,8,566
11824,280,8,566
11834,280,8,566
11844,280,8,566
11854,280,8,566
11865,280,8,566
11875,280,8,566
11885,280,8,566
11895,280,8,565
11905,280,8,565
11915,280,8,565
11926,280,8,565
11936,280,8,565
11946,280,8,565
11957,280,8,561
11967,280,8,561
11977,280,8,561
11987,280,8,561
11998,280,8,561
12008,280,8,561
12019,280,8,558
12029,280,8,558
12040,280,8,558
12050,280,8,558
12060,280,8,558
12071,280,8,558
12081,280,8,558
12091,280,8,558
12101,280,8,558
12111,280,8,558
12121,280,8,558
12132,280,8,558
12142,280,8,558
12152,280,8,558
12162,280,8,558
12172,280,8,558
12183,280,8,558
12193,280,8,557
12203,280,8,557
12213,280,8,557
12223,280,8,557
12233,280,8,557
12244,280,8,557
12254,210,6,555
12264,280,8,553
12275,280,8,553
12285,280,8,553
12295,280,8,553
12305,280,8,553
12315,280,8,550
12325,280,8,550
12336,280,8,550
12346,280,8,550
12356,280,8,550
12366,280,8,550
12376,280,8,550
12386,280,8,550
12396,280,8,550
12406,280,8,550
12416,280,8,550
12426,280,8,550
12437,280,8,550
12447,280,8,550
12458,280,8,550
12468,280,8,550
12478,280,8,550
12488,280,8,550
12499,280,8,549
12509,280,8,549
12519,280,8,549
12530,280,8,549
12540,280,8,549
12551,280,8,549
12561,280,8,545
12571,280,8,545
12581,280,8,545
12591,280,8,545
12601,280,8,545
12612,280,8,544
12622,280,8,542
12632,280,8,542
12642,280,8,542
12652,280,8,542
12662,280,8,542
12672,280,8,542
12682,280,8,542
12692,280,8,542
12702,280,8,542
12713,280,8,542
12723,280,8,542
12734,280,8,542
12744,280,8,542
12754,280,8,542
12765,280,8,542
12775,280,8,542
12785,280,8,542
12795,280,8,541
12805,280,8,541
12815,280,8,541
12826,280,8,541
12836,280,8,541
12846,280,8,541
12856,280,8,537
12866,280,8,537
12877,280,8,537
12887,280,8,537
12897,280,8,537
12908,280,8,537
12918,280,8,534
12928,280,8,534
12938,280,8,534
12948,280,8,534
12958,280,8,534
12969,280,8,534
12979,280,8,534
12989,280,8,534
13000,280,8,534
13010,280,8,534
13020,280,8,534
13031,280,8,534
13041,280,8,534
13051,280,8,534
13061,280,8,534
13071,280,8,534
13081,280,8,534
13091,280,8,534
13101,280,8,533
13112,280,8,533
13122,280,8,533
13132,280,8,533
13143,280,8,533
13153,280,8,533
13163,280,8,529
13173,280,8,529
13184,280,8,529
13194,280,8,529
13205,280,8,529
13215,280,8,526
13225,280,8,526
13236,280,8,526
13246,280,8,526
13256,280,8,526
13267,280,8,526
13277,280,8,526
13288,280,8,526
13298,280,8,526
13308,280,8,526
13318,280,8,526
13328,280,8,526
13338,280,8,526
13348,280,8,526
13358,280,8,526
13368,280,8,526
13378,280,8,526
13388,280,8,526
13398,280,8,525
13408,280,8,525
13419,280,8,525
13429,280,8,525
13440,280,8,525
13450,280,8,525
13460,280,8,521
13470,280,8,521
13481,280,8,521
13491,280,8,521
13502,280,8,521
13512,280,8,520
13523,280,8,518
13533,280,8,518
13544,280,8,518
13554,280,8,518
13565,280,8,518
13575,280,8,518
13586,280,8,518
13596,280,8,518
13607,280,8,518
13617,280,8,518
13628,280,8,518
13638,280,8,518
13649,280,8,518
13659,280,8,518
13670,280,8,518
13680,280,8,518
13691,280,8,518
13701,280,8,517
13712,280,8,517
13722,280,8,517
13733,280,8,517
13743,280,8,517
13754,280,8,517
13764,280,8,513
13775,280,8,513
13785,280,8,513
13795,280,8,513
13806,280,8,513
13816,280,8,510
13827,280,8,510
13837,280,8,510
13847,280,8,510
13858,280,8,510
13868,280,8,510
13878,280,8,510
13888,280,8,510
13898,280,8,510
13908,280,8,510
13919,280,8,510
13929,280,8,510
13939,280,8,510
13949,280,8,510
13960,280,8,510
13970,280,8,510
13981,280,8,510
13991,280,8,510
14002,280,8,509
14012,280,8,509
14023,280,8,509
14033,280,8,509
14044,280,8,509
14054,245,7,509
14065,280,8,505
14075,280,8,505
14085,280,8,505
14096,280,8,505
14106,280,8,505
14117,280,8,502
14127,280,8,502
14137,280,8,502
14147,280,8,502
14158,280,8,502
14168,280,8,502
14179,280,8,502
14189,280,8,502
14200,280,8,502
14210,280,8,502
14221,280,8,502
14231,280,8,502
14242,280,8,502
14252,280,8,502
14263,280,8,502
14273,280,8,502
14283,280,8,502
14293,280,8,501
14303,280,8,501
14313,280,8,501
14323,280,8,501
14334,280,8,501
14344,280,8,501
14354,280,8,501
14364,280,8,497
14375,280,8,497
14385,280,8,497
14395,280,8,497
14405,280,8,497
14416,280,8,494
14426,280,8,494
14437,280,8,494
14447,280,8,494
14457,280,8,494
14468,280,8,494
14478,280,8,494
14489,280,8,494
14499,280,8,494
14509,280,8,494
14519,280,8,494
14529,280,8,494
14539,280,8,494
14550,280,8,494
14560,280,8,494
14571,280,8,494
14581,280,8,494
14592,280,8,494
14602,280,8,493
14612,280,8,493
14622,280,8,493
14633,280,8,493
14643,280,8,493
14654,280,8,493
14664,280,8,489
14674,280,8,489
14684,280,8,489
14694,280,8,489
14705,280,8,489
14715,280,8,487
14725,280,8,486
14735,280,8,486
14745,280,8,486
14755,280,8,486
14765,280,8,486
14776,280,8,486
14786,280,8,486
14796,280,8,486
14806,280,8,486
14817,280,8,486
14827,280,8,486
14837,280,8,486
14848,280,8,486
14858,280,8,486
14868,280,8,486
14879,280,8,486
14889,280,8,486
14899,280,8,485
14909,280,8,485
14920,280,8,485
14930,280,8,485
14940,280,8,485
14950,280,8,485
14960,280,8,481
14970,280,8,481
14980,280,8,481
14990,280,8,481
15001,280,8,481
15011,280,8,481
15022,280,8,478
15032,280,8,478
15043,280,8,478
15053,280,8,478
15064,280,8,478
15074,280,8,478
15085,280,8,478
15095,280,8,478
15105,280,8,478
15115,280,8,478
15125,280,8,478
15135,280,8,478
15145,280,8,478
15155,280,8,478
15165,280,8,478
15175,280,8,478
15186,280,8,478
15196,280,8,477
15206,280,8,477
15216,280,8,477
15226,280,8,477
15236,280,8,477
15246,280,8,477
15256,280,8,473
15266,280,8,473
15277,280,8,473
15287,280,8,473
15297,280,8,473
15307,280,8,473
15317,280,8,470
15328,280,8,470
15338,280,8,470
15348,280,8,470
15358,280,8,470
15368,280,8,470
15379,280,8,470
15389,280,8,470
15400,280,8,470
15410,280,8,470
15420,280,8,470
15430,280,8,470
15441,280,8,470
15451,280,8,470
15461,280,8,470
15472,280,8,470
15482,280,8,470
15492,280,8,470
15502,280,8,469
15513,280,8,469
15523,280,8,469
15533,280,8,469
15543,280,8,469
15553,280,8,469
15564,280,8,465
15574,280,8,465
15584,280,8,465
15595,280,8,465
15605,280,8,465
15615,280,8,463
15626,280,8,462
15636,280,8,462
15646,280,8,462
15657,280,8,462
15667,280,8,462
15677,280,8,462
15687,280,8,462
15698,280,8,462
15708,280,8,462
15718,280,8,462
15728,280,8,462
15738,280,8,462
15748,280,8,462
15759,280,8,462
15769,280,8,462
15779,280,8,462
15790,280,8,462
15800,280,8,461
15810,280,8,461
15820,280,8,461
15830,280,8,461
15840,280,8,461
15850,280,8,461
15861,280,8,457
15871,280,8,457
15881,280,8,457
15891,280,8,457
15901,280,8,457
15911,280,8,457
15922,280,8,454
15932,280,8,454
15942,280,8,454
15953,280,8,454
15963,280,8,454
15973,280,8,454
15984,280,8,454
15994,280,8,454
16004,280,8,454
16015,280,8,454
16025,280,8,454
16035,280,8,454
16045,280,8,454
16056,280,8,454
16066,280,8,454
16076,280,8,454
16086,280,8,454
16096,280,8,453
16106,280,8,453
16116,280,8,453
16127,280,8,453
16137,280,8,453
16147,280,8,453
16158,280,8,449
16168,280,8,449
16178,280,8,449
16189,280,8,449
16199,280,8,449
16209,280,8,449
16219,280,8,446
16229,280,8,446
16239,280,8,446
16250,280,8,446
16260,280,8,446
16270,280,8,446
16280,280,8,446
16290,280,8,446
16300,280,8,446
16311,280,8,446
16321,280,8,446
16331,280,8,446
16342,280,8,446
16352,280,8,446
16363,280,8,446
16373,280,8,446
16384,280,8,446
16394,280,8,446
16405,280,8,445
16415,280,8,445
16426,280,8,445
16437,280,8,445
16447,280,8,445
16458,280,8,441
16468,280,8,441
16479,280,8,441
16489,280,8,441
16500,280,8,441
16510,280,8,441
16521,280,8,438
16531,280,8,438
16542,280,8,438
16552,280,8,438
16563,280,8,438
16573,280,8,438
16583,280,8,438
16593,280,8,438
16603,280,8,438
16614,280,8,438
16624,280,8,438
16634,280,8,438
16644,280,8,438
16655,280,8,438
16665,280,8,438
16675,280,8,438
16686,280,8,438
16696,280,8,437
16706,280,8,437
16716,280,8,437
16726,280,8,437
16737,280,8,437
16747,280,8,437
16758,280,8,433
16768,280,8,433
16778,280,8,433
16789,280,8,433
16799,280,8,433
16809,280,8,433
16820,280,8,430
16830,280,8,430
16840,280,8,430
16850,280,8,430
16860,280,8,430
16870,280,8,430
16880,280,8,430
16891,280,8,430
16901,280,8,430
16911,280,8,430
16921,280,8,430
16931,280,8,430
16941,280,8,430
16951,280,8,430
16961,280,8,430
16972,280,8,430
16982,280,8,430
16993,280,8,430
17003,280,8,429
17013,280,8,429
17023,280,8,429
17034,280,8,429
17044,280,8,429
17054,280,8,429
17064,280,8,425
17074,280,8,425
17084,280,8,425
17095,280,8,425
17105,280,8,425
17116,245,7,423
17126,280,8,422
17136,280,8,422
17147,280,8,422
17157,280,8,422
17167,280,8,422
17177,280,8,422
17187,280,8,422
17197,280,8,422
17208,280,8,422
17218,280,8,422
17228,280,8,422
17238,280,8,422
17248,280,8,422
17258,280,8,422
17268,280,8,422
17279,280,8,422
17289,280,8,422
17299,280,8,421
17309,280,8,421
17319,280,8,421
17329,280,8,421
17339,280,8,421
17349,280,8,421
17359,280,8,417
17369,280,8,417
17379,280,8,417
17389,280,8,417
17399,280,8,417
17410,280,8,417
17420,280,8,414
17430,280,8,414
17440,280,8,414
17450,280,8,414
17461,280,8,414
17471,280,8,414
17481,280,8,414
17491,280,8,414
17501,280,8,414
17511,280,8,414
17522,280,8,414
17532,280,8,414
17542,280,8,414
17552,280,8,414
17563,280,8,414
17573,280,8,414
17583,280,8,414
17594,280,8,414
17604,280,8,413
17614,280,8,413
17624,280,8,413
17634,280,8,413
17644,280,8,413
17654,280,8,413
17665,280,8,409
17675,280,8,409
17686,280,8,409
17696,280,8,409
17707,280,8,409
17717,280,8,406
17727,280,8,406
17738,280,8,406
17748,280,8,406
17758,280,8,406
17768,280,8,406
17779,280,8,406
17789,280,8,406
17799,280,8,406
17809,280,8,406
17819,280,8,406
17830,280,8,406
17840,280,8,406
17850,280,8,406
17861,280,8,406
17871,280,8,406
17881,280,8,406
17891,280,8,406
17901,280,8,405
17911,280,8,405
17922,280,8,405
17932,280,8,405
17943,280,8,405
17953,280,8,405
17963,280,8,401
17974,280,8,401
17984,280,8,401
17994,280,8,401
18005,280,8,401
18015,280,8,400
18026,280,8,398
18036,280,8,398
18047,280,8,398
18057,280,8,398
18068,280,8,398
18078,280,8,398
18089,280,8,398
18099,280,8,398
18110,280,8,398
18120,280,8,398
18131,280,8,398
18141,280,8,398
18151,280,8,398
18161,280,8,398
18171,280,8,398
18182,280,8,398
18192,280,8,398
18202,280,8,397
18212,280,8,397
18222,280,8,397
18232,280,8,397
18242,280,8,397
18252,280,8,397
18262,280,8,393
18273,280,8,393
18283,280,8,393
18293,280,8,393
18303,280,8,393
18314,280,8,393
18324,280,8,390
18334,280,8,390
18344,280,8,390
18354,280,8,390
18364,280,8,390
18374,280,8,390
18384,280,8,390
18394,280,8,390
18404,280,8,390
18414,280,8,390
18424,280,8,390
18434,280,8,390
18445,280,8,390
18455,280,8,390
18465,280,8,390
18475,280,8,390
18485,280,8,390
18495,280,8,390
18505,280,8,389
18515,280,8,389
18526,280,8,389
18536,280,8,389
18546,280,8,389
18557,280,8,388
18567,280,8,385
18577,280,8,385
18587,280,8,385
18598,280,8,385
18608,280,8,385
18618,280,8,382
18628,280,8,382
18638,280,8,382
18649,280,8,382
18659,280,8,382
18669,280,8,382
18679,280,8,382
18689,280,8,382
18700,280,8,382
18710,280,8,382
18720,280,8,382
18730,280,8,382
18741,280,8,382
18751,280,8,382
18761,280,8,382
18772,280,8,382
18782,280,8,382
18793,280,8,382
18803,280,8,381
18813,280,8,381
18823,280,8,381
18833,280,8,381
18844,280,8,381
18854,280,8,381
18864,280,8,377
18874,280,8,377
18885,280,8,377
18895,280,8,377
18905,280,8,377
18915,280,8,376
18925,280,8,374
18935,280,8,374
18945,280,8,374
18955,280,8,374
18965,280,8,374
18976,280,8,374
18986,280,8,374
18996,280,8,374
19006,280,8,374
19016,280,8,374
19026,280,8,374
19036,280,8,374
19046,280,8,374
19057,280,8,374
19067,280,8,374
19077,280,8,374
19087,280,8,374
19097,280,8,373
19107,280,8,373
19118,280,8,373
19128,280,8,373
19139,280,8,373
19149,280,8,373
19159,280,8,369
19170,280,8,369
19180,280,8,369
19191,280,8,369
19201,280,8,369
19212,280,8,369
19222,280,8,366
19233,280,8,366
19243,280,8,366
19254,280,8,366
19264,280,8,366
19275,280,8,366
19285,280,8,366
19296,280,8,366
19306,280,8,366
19317,280,8,366
19327,280,8,366
19338,280,8,366
19348,280,8,366
19359,280,8,366
19369,280,8,366
19379,280,8,366
19389,280,8,366
19399,280,8,365
19409,280,8,365
19420,280,8,365
19430,280,8,365
19440,280,8,365
19450,280,8,365
19460,280,8,361
19470,280,8,361
19480,280,8,361
19490,280,8,361
19500,280,8,361
19510,280,8,361
19521,280,8,358
19531,280,8,358
19542,280,8,358
19552,280,8,358
19563,280,8,358
19573,280,8,358
19584,280,8,358
19594,280,8,358
19604,280,8,358
19615,280,8,358
19625,280,8,358
19635,280,8,358
19646,280,8,358
19656,280,8,358
19666,280,8,358
19676,280,8,358
19686,280,8,358
19697,280,8,358
19707,280,8,357
19717,280,8,357
19727,280,8,357
19737,280,8,357
19748,280,8,357
19758,280,8,356
19768,280,8,353
19779,280,8,353
19789,280,8,353
19799,280,8,353
19809,280,8,353
19819,280,8,350
19829,280,8,350
19840,280,8,350
19850,280,8,350
19860,280,8,350
19870,280,8,350
19880,280,8,350
19890,280,8,350
19900,280,8,350
19910,280,8,350
19921,280,8,350
19931,280,8,350
19941,280,8,350
19951,280,8,350
19961,280,8,350
19971,280,8,350
19982,280,8,350
19992,280,8,350
20003,280,8,349
20013,280,8,349
20023,280,8,349
20033,280,8,349
20043,280,8,349
20053,280,8,349
20063,280,8,345
20073,280,8,345
20084,280,8,345
20094,280,8,345
20105,280,8,345
20115,280,8,345
20125,280,8,342
20135,280,8,342
20145,280,8,342
20155,280,8,342
20165,280,8,342
20176,280,8,342
20186,280,8,342
20196,280,8,342
20207,280,8,342
20217,280,8,342
20228,280,8,342
20238,280,8,342
20249,280,8,342
20259,280,8,342
20269,280,8,342
20279,280,8,342
20289,280,8,342
20299,280,8,341
20309,280,8,341
20319,280,8,341
20329,280,8,341
20340,280,8,341
20350,280,8,341
20360,280,8,338
20370,280,8,337
20381,280,8,337
20391,280,8,337
20401,280,8,337
20411,280,8,337
20421,280,8,334
20431,280,8,334
20442,280,8,334
20452,280,8,334
20462,280,8,334
20472,280,8,334
20482,280,8,334
20492,280,8,334
20503,280,8,334
20513,280,8,334
20523,280,8,334
20533,280,8,334
20544,280,8,334
20554,280,8,334
20564,280,8,334
20574,280,8,334
20584,280,8,334
20594,280,8,334
20604,280,8,333
20615,280,8,333
20625,280,8,333
20636,280,8,333
20646,280,8,333
20656,280,8,333
20666,280,8,329
20677,280,8,329
20687,280,8,329
20697,280,8,329
20707,280,8,329
20717,280,8,327
20728,280,8,326
20738,280,8,326
20748,280,8,326
20758,280,8,326
20768,280,8,326
20778,280,8,326
20788,280,8,326
20799,280,8,326
20809,280,8,326
20819,280,8,326
20829,280,8,326
20839,280,8,326
20849,280,8,326
20860,280,8,326
20870,280,8,326
20880,280,8,326
20890,280,8,326
20900,280,8,325
20910,280,8,325
20920,280,8,325
20931,280,8,325
20941,280,8,325
20951,280,8,325
20961,245,7,322
20971,280,8,321
20981,280,8,321
20991,280,8,321
21001,280,8,321
21012,280,8,321
21022,280,8,318
21032,280,8,318
21043,280,8,318
21053,280,8,318
21064,280,8,318
21074,280,8,318
21085,280,8,318
21095,280,8,318
21105,280,8,318
21115,280,8,318
21126,280,8,318
21136,280,8,318
21146,280,8,318
21156,280,8,318
21167,280,8,318
21177,280,8,318
21187,280,8,318
21198,280,8,318
21208,280,8,317
21218,280,8,317
21228,280,8,317
21238,280,8,317
21249,280,8,317
21259,280,8,316
21269,280,8,313
21279,280,8,313
21289,280,8,313
21299,280,8,313
21310,280,8,313
21320,280,8,310
21330,280,8,310
21340,280,8,310
21350,280,8,310
21360,280,8,310
21370,280,8,310
21380,280,8,310
21391,280,8,310
21401,280,8,310
21411,280,8,310
21421,280,8,310
21431,280,8,310
21441,280,8,310
21451,280,8,310
21462,280,8,310
21472,280,8,310
21482,280,8,310
21493,280,8,310
21503,280,8,309
21513,280,8,309
21523,280,8,309
21533,280,8,309
21543,280,8,309
21554,280,8,309
21564,280,8,305
21574,280,8,305
21584,280,8,305
21594,280,8,305
21605,280,8,305
21615,280,8,305
21625,280,8,302
21635,280,8,302
21646,280,8,302
21656,280,8,302
21666,280,8,302
21676,280,8,302
21686,280,8,302
21697,280,8,302
21707,280,8,302
21717,280,8,302
21728,280,8,302
21738,280,8,302
21748,280,8,302
21758,280,8,302
21768,280,8,302
21778,280,8,302
21788,280,8,302
21798,280,8,302
21808,280,8,301
21818,280,8,301
21829,280,8,301
21839,280,8,301
21849,280,8,301
21859,280,8,300
21870,280,8,297
21880,280,8,297
21890,280,8,297
21900,280,8,297
21910,280,8,297
21920,280,8,294
21930,280,8,294
21940,280,8,294
21951,280,8,294
21961,280,8,294
21971,280,8,294
21981,280,8,294
21992,280,8,294
22002,280,8,294
22013,280,8,294
22023,280,8,294
22034,280,8,294
22044,280,8,294
22055,280,8,294
22065,280,8,294
22076,280,8,294
22086,280,8,294
22097,280,8,294
22108,280,8,293
22118,280,8,293
22128,280,8,293
22139,280,8,293
22150,280,8,293
22160,280,8,292
22171,280,8,289
22181,280,8,289
22192,280,8,289
22202,280,8,289
22213,280,8,289
22223,280,8,286
22233,280,8,286
22243,280,8,286
22253,280,8,286
22263,280,8,286
22273,280,8,286
22283,280,8,286
22293,280,8,286
22303,280,8,286
22313,280,8,286
22323,280,8,286
22334,280,8,286
22344,280,8,286
22354,280,8,286
22364,280,8,286
22374,280,8,286
22384,280,8,286
22394,280,8,286
22405,280,8,285
22415,280,8,285
22425,280,8,285
22435,280,8,285
22445,280,8,285
22455,280,8,285
22465,280,8,281
22475,280,8,281
22485,280,8,281
22496,280,8,281
22506,280,8,281
22516,280,8,281
22527,280,8,278
22537,280,8,278
22547,280,8,278
22558,280,8,278
22568,280,8,278
22579,280,8,278
22589,280,8,278
22600,280,8,278
22610,280,8,278
22621,280,8,278
22631,280,8,278
22642,280,8,278
22652,280,8,278
22663,280,8,278
22673,280,8,278
22684,280,8,278
22694,280,8,278
22705,280,8,277
22715,280,8,277
22726,280,8,277
22736,280,8,277
22747,280,8,277
22757,280,8,277
22768,280,8,273
22778,280,8,273
22788,280,8,273
22799,280,8,273
22809,280,8,273
22820,280,8,270
22830,280,8,270
22840,280,8,270
22850,280,8,270
22861,280,8,270
22871,280,8,270
22881,280,8,270
22891,280,8,270
22901,280,8,270
22911,280,8,270
22922,280,8,270
22932,280,8,270
22942,280,8,270
22952,280,8,270
22962,280,8,270
22972,280,8,270
22982,280,8,270
22992,280,8,270
23002,280,8,269
23012,280,8,269
23022,280,8,269
23032,280,8,269
23043,280,8,269
23053,280,8,269
23063,280,8,267
23073,280,8,265
23083,280,8,265
23094,280,8,265
23104,280,8,265
23114,280,8,265
23124,280,8,262
23135,280,8,262
23145,280,8,262
23155,280,8,262
23165,280,8,262
23176,280,8,262
23186,280,8,262
23196,280,8,262
23206,280,8,262
23217,280,8,262
23227,280,8,262
23237,280,8,262
23247,280,8,262
23257,280,8,262
23268,280,8,262
23278,280,8,262
23288,280,8,262
23298,280,8,262
23308,280,8,261
23319,280,8,261
23329,280,8,261
23339,280,8,261
23349,280,8,261
23359,280,8,261
23369,280,8,257
23380,280,8,257
23390,280,8,257
23400,280,8,257
23410,280,8,257
23421,280,8,254
23431,280,8,254
23441,280,8,254
23451,280,8,254
23461,280,8,254
23472,280,8,254
23482,280,8,254
23493,280,8,254
23503,280,8,254
23513,280,8,254
23523,280,8,254
23533,280,8,254
23544,280,8,254
23554,280,8,254
23564,280,8,254
23574,280,8,254
23584,280,8,254
23594,280,8,254
23605,280,8,253
23615,280,8,253
23625,280,8,253
23635,280,8,253
23645,280,8,253
23656,280,8,253
23666,280,8,249
23676,280,8,249
23686,280,8,249
23697,280,8,249
23707,280,8,249
23717,280,8,249
23727,280,8,246
23737,280,8,246
23748,280,8,246
23758,280,8,246
23769,280,8,246
23779,280,8,246
23789,280,8,246
23799,280,8,246
23810,280,8,246
23820,280,8,246
23830,280,8,246
23840,280,8,246
23850,280,8,246
23860,280,8,246
23870,280,8,246
23881,280,8,246
23891,280,8,246
23901,280,8,246
23912,280,8,245
23922,280,8,245
23932,280,8,245
23942,280,8,245
23952,280,8,245
23962,280,8,243
23973,280,8,241
23983,280,8,241
23993,280,8,241
24003,280,8,241
24014,280,8,241
24024,280,8,238
24035,280,8,238
24045,280,8,238
24055,280,8,238
24066,280,8,238
24076,280,8,238
24087,280,8,238
24097,280,8,238
24108,280,8,238
24118,280,8,238
24128,280,8,238
24139,280,8,238
24149,280,8,238
24159,280,8,238
24169,280,8,238
24180,280,8,238
24190,280,8,238
24200,280,8,238
24211,280,8,237
24221,280,8,237
24231,280,8,237
24241,280,8,237
24251,280,8,237
24262,280,8,235
24272,280,8,233
24282,280,8,233
24292,280,8,233
24302,280,8,233
24312,280,8,233
24323,280,8,230
24333,280,8,230
24343,280,8,230
24353,280,8,230
24363,280,8,230
24373,280,8,230
24383,280,8,230
24393,280,8,230
24403,280,8,230
24413,280,8,230
24424,280,8,230
24434,280,8,230
24444,280,8,230
24454,280,8,230
24464,280,8,230
24474,280,8,230
24484,280,8,230
24495,280,8,230
24505,280,8,229
24516,280,8,229
24526,280,8,229
24536,280,8,229
24546,280,8,229
24557,280,8,229
24567,280,8,225
24578,280,8,225
24588,280,8,225
24598,280,8,225
24608,280,8,225
24618,280,8,224
24629,280,8,222
24639,280,8,222
24649,280,8,222
24659,280,8,222
24670,280,8,222
24680,280,8,222
24690,280,8,222
24700,280,8,222
24710,280,8,222
24720,280,8,222
24731,280,8,222
24741,280,8,222
24751,280,8,222
24761,280,8,222
24771,280,8,222
24781,280,8,222
24792,280,8,222
24802,245,7,222
24813,280,8,221
24823,280,8,221
24834,280,8,221
24844,280,8,221
24855,280,8,221
24865,280,8,217
24876,280,8,217
24886,280,8,217
24897,280,8,217
24907,280,8,217
24918,280,8,217
24928,280,8,214
24939,280,8,214
24949,280,8,214
24960,280,8,214
24970,280,8,214
24981,280,8,214
24991,280,8,214
25002,280,8,214
25012,280,8,214
25023,280,8,214
25033,280,8,214
25043,280,8,214
25053,280,8,214
25063,280,8,214
25073,280,8,214
25083,280,8,214
25093,280,8,214
25104,280,8,213
25114,280,8,213
25125,280,8,213
25135,280,8,213
25145,280,8,213
25155,280,8,213
25166,280,8,209
25176,280,8,209
25186,280,8,209
25197,280,8,209
25207,280,8,209
25218,280,8,209
25228,280,8,206
25238,280,8,206
25249,280,8,206
25259,280,8,206
25269,280,8,206
25279,280,8,206
25289,280,8,206
25299,280,8,206
25310,280,8,206
25320,280,8,206
25330,280,8,206
25340,280,8,206
25350,280,8,206
25360,280,8,206
25370,280,8,206
25380,280,8,206
25390,280,8,206
25400,280,8,206
25411,280,8,205
25421,280,8,205
25431,280,8,205
25442,280,8,205
25452,280,8,205
25462,245,7,205
25472,280,8,201
25482,280,8,201
25493,280,8,201
25503,280,8,201
25513,280,8,201
25523,280,8,198
25533,280,8,198
25543,280,8,198
25554,280,8,198
25564,280,8,198
25575,280,8,198
25585,280,8,198
25596,280,8,198
25606,280,8,198
25617,280,8,198
25627,280,8,198
25638,280,8,198
25648,280,8,198
25658,280,8,198
25668,280,8,198
25678,280,8,198
25688,280,8,198
25699,280,8,198
25709,280,8,197
25719,280,8,197
25729,280,8,197
25740,280,8,197
25750,280,8,197
25760,280,8,197
25771,280,8,193
25781,280,8,193
25791,280,8,193
25801,280,8,193
25811,280,8,193
25822,280,8,190
25832,280,8,190
25842,280,8,190
25852,280,8,190
25862,280,8,190
25872,280,8,190
25882,280,8,190
25892,280,8,190
25903,280,8,190
25913,280,8,190
25923,280,8,190
25933,280,8,190
25943,280,8,190
25953,280,8,190
25964,280,8,190
25974,280,8,190
25984,280,8,190
25995,280,8,190
26005,280,8,189
26015,280,8,189
26025,280,8,189
26036,280,8,189
26046,280,8,189
26056,280,8,189
26066,280,8,185
26076,280,8,185
26087,280,8,185
26097,280,8,185
26107,280,8,185
26117,280,8,185
26127,280,8,182
26138,280,8,182
26148,280,8,182
26159,280,8,182
26169,280,8,182
26180,280,8,182
26190,280,8,182
26200,280,8,182
26211,280,8,182
26221,280,8,182
26231,280,8,182
26241,280,8,182
26252,280,8,182
26262,280,8,182
26272,280,8,182
26282,280,8,182
26292,280,8,182
26302,280,8,182
26312,280,8,181
26322,280,8,181
26332,280,8,181
26342,280,8,181
26352,280,8,181
26363,280,8,179
26373,280,8,177
26383,280,8,177
26393,280,8,177
26403,280,8,177
26413,280,8,177
26423,280,8,174
26434,280,8,174
26444,280,8,174
26454,280,8,174
26464,280,8,174
26474,280,8,174
26485,280,8,174
26495,280,8,174
26505,280,8,174
26515,280,8,174
26525,280,8,174
26535,280,8,174
26546,280,8,174
26557,280,8,174
26567,280,8,174
26577,280,8,174
26587,280,8,174
26597,280,8,174
26608,280,8,173
26618,280,8,173
26628,280,8,173
26638,280,8,173
26648,280,8,173
26659,280,8,173
26669,280,8,169
26679,280,8,169
26689,280,8,169
26700,280,8,169
26710,280,8,169
26720,280,8,168
26730,280,8,166
26741,280,8,166
26751,280,8,166
26762,280,8,166
26772,280,8,166
26782,280,8,166
26792,280,8,166
26802,280,8,166
26812,280,8,166
26823,280,8,166
26833,280,8,166
26843,280,8,166
26853,280,8,166
26864,280,8,166
26874,280,8,166
26884,280,8,166
26894,280,8,166
26904,280,8,165
26915,280,8,165
26925,280,8,165
26935,280,8,165
26946,280,8,165
26956,280,8,165
26966,280,8,162
26977,280,8,161
26987,280,8,161
26997,280,8,161
27008,280,8,161
27018,280,8,161
27028,280,8,158
27038,280,8,158
27048,280,8,158
27059,280,8,158
27069,280,8,158
27079,280,8,158
27090,280,8,158
27100,280,8,158
27111,280,8,158
27121,280,8,158
27132,280,8,158
27142,280,8,158
27153,280,8,158
27163,280,8,158
27174,280,8,158
27184,280,8,158
27195,280,8,158
27205,280,8,157
27216,280,8,157
27226,280,8,157
27237,280,8,157
27247,280,8,157
27258,280,8,157
27268,280,8,153
27278,280,8,153
27288,280,8,153
27298,280,8,153
27308,280,8,153
27319,280,8,153
27329,280,8,150
27339,280,8,150
27349,280,8,150
27359,280,8,150
27369,280,8,150
27379,280,8,150
27389,280,8,150
27399,280,8,150
27409,280,8,150
27419,280,8,150
27430,280,8,150
27440,280,8,150
27450,280,8,150
27461,280,8,150
27471,280,8,150
27481,280,8,150
27491,280,8,150
27501,280,8,150
27511,280,8,149
27522,280,8,149
27532,280,8,149
27542,280,8,149
27552,280,8,149
27562,280,8,149
27572,280,8,145
27582,280,8,145
27592,280,8,145
27603,280,8,145
27613,280,8,145
27623,280,8,142
27634,280,8,142
27644,280,8,142
27655,280,8,142
27665,280,8,142
27676,280,8,142
27686,280,8,142
27697,280,8,142
27707,280,8,142
27718,280,8,142
27728,280,8,142
27739,280,8,142
27749,280,8,142
27760,280,8,142
27770,280,8,142
27781,280,8,142
27791,280,8,142
27802,280,8,142
27812,280,8,141
27823,280,8,141
27833,280,8,141
27844,280,8,141
27854,280,8,141
27864,280,8,139
27874,280,8,137
27884,280,8,137
27895,280,8,137
27905,280,8,137
27915,280,8,137
27925,280,8,134
27935,280,8,134
27945,280,8,134
27956,280,8,134
27966,280,8,134
27977,280,8,134
27987,280,8,134
27997,280,8,134
28007,280,8,134
28018,280,8,134
28028,280,8,134
28039,280,8,134
28049,280,8,134
28059,280,8,134
28069,280,8,134
28079,280,8,134
28089,280,8,134
28099,280,8,134
28109,280,8,133
28119,280,8,133
28130,280,8,133
28140,280,8,133
28150,280,8,133
28160,280,8,133
28170,280,8,129
28180,280,8,129
28190,280,8,129
28201,280,8,129
28211,280,8,129
28221,280,8,128
28231,280,8,126
28241,280,8,126
28251,280,8,126
28262,280,8,126
28272,280,8,126
28282,280,8,126
28292,280,8,126
28302,280,8,126
28312,280,8,126
28322,280,8,126
28333,280,8,126
28343,280,8,126
28353,280,8,126
28363,280,8,126
28373,280,8,126
28383,280,8,126
28394,280,8,126
28404,280,8,126
28414,280,8,125
28424,280,8,125
28434,280,8,125
28444,280,8,125
28455,280,8,125
28465,280,8,123
28475,280,8,121
28485,280,8,121
28495,280,8,121
28506,280,8,121
28516,280,8,121
28526,280,8,118
28536,280,8,118
28546,280,8,118
28556,280,8,118
28567,280,8,118
28577,280,8,118
28587,280,8,118
28598,280,8,118
28608,280,8,118
28619,280,8,118
28629,280,8,118
28640,280,8,118
28651,280,8,118
28661,280,8,118
28671,280,8,118
28681,280,8,118
28691,280,8,118
28701,280,8,118
28712,280,8,117
28722,280,8,117
28733,280,8,117
28743,280,8,117
28753,280,8,117
28763,280,8,117
28774,280,8,113
28784,280,8,113
28794,280,8,113
28805,280,8,113
28815,280,8,113
28826,280,8,110
28836,280,8,110
28847,280,8,110
28857,280,8,110
28867,280,8,110
28878,280,8,110
28888,280,8,110
28898,280,8,110
28908,280,8,110
28918,280,8,110
28928,280,8,110
28938,280,8,110
28949,280,8,110
28959,280,8,110
28969,280,8,110
28979,280,8,110
28990,280,8,110
29000,280,8,110
29011,280,8,109
29021,280,8,109
29031,280,8,109
29041,280,8,109
29051,280,8,109
29061,280,8,109
29072,280,8,105
29082,280,8,105
29092,280,8,105
29102,280,8,105
29113,280,8,105
29123,280,8,102
29133,280,8,102
29143,280,8,102
29153,280,8,102
29164,280,8,102
29174,280,8,102
29184,280,8,102
29194,280,8,102
29204,280,8,102
29215,280,8,102
29225,280,8,102
29235,280,8,102
29245,280,8,102
29255,280,8,102
29265,280,8,102
29275,280,8,102
29286,280,8,102
29296,280,8,102
29306,280,8,101
29316,280,8,101
29326,280,8,101
29336,280,8,101
29347,280,8,101
29357,280,8,101
29367,280,8,99
29378,280,8,97
29388,280,8,97
29398,280,8,97
29408,280,8,97
29418,280,8,97
29428,280,8,94
29439,280,8,94
29449,280,8,94
29459,280,8,94
29469,280,8,94
29479,280,8,94
29490,280,8,94
29500,280,8,94
29510,280,8,94
29520,280,8,94
29531,280,8,94
29541,280,8,94
29551,280,8,94
29561,280,8,94
29572,280,8,94
29582,280,8,94
29592,280,8,94
29602,280,8,94
29612,280,8,93
29622,280,8,93
29633,280,8,93
29643,280,8,93
29653,280,8,93
29663,280,8,93
29673,280,8,89
29684,280,8,89
29694,280,8,89
29705,280,8,89
29715,280,8,89
29725,280,8,86
29735,280,8,86
29745,280,8,86
29756,280,8,86
29766,280,8,86
29777,280,8,86
29787,280,8,86
29798,280,8,86
29808,280,8,86
29818,280,8,86
29829,280,8,86
29839,280,8,86
29849,280,8,86
29860,280,8,86
29870,280,8,86
29880,280,8,86
29890,280,8,86
29900,280,8,86
29911,280,8,85
29921,280,8,85
29931,280,8,85
29941,280,8,85
29952,280,8,85
29962,280,8,85
29973,280,8,81
29983,280,8,81
29993,280,8,81
30004,280,8,81
30014,280,8,81
30024,280,8,78
30035,280,8,78
30045,280,8,78
30055,280,8,78
30066,280,8,78
30076,280,8,78
30086,280,8,78
30096,280,8,78
30107,280,8,78
30117,280,8,78
30128,280,8,78
30138,280,8,78
30149,280,8,78
30159,280,8,78
30170,280,8,78
30180,280,8,78
30190,280,8,78
30200,280,8,78
30210,280,8,77
30220,280,8,77
30230,280,8,77
30241,280,8,77
30251,280,8,77
30261,280,8,77
30271,280,8,73
30281,280,8,73
30292,280,8,73
30302,280,8,73
30312,280,8,73
30323,280,8,71
30333,280,8,70
30343,280,8,70
30353,280,8,70
30363,280,8,70
30373,280,8,70
30383,280,8,70
30393,280,8,70
30404,280,8,70
30414,280,8,70
30424,280,8,70
30434,280,8,70
30444,280,8,70
30454,280,8,70
30464,280,8,70
30475,280,8,70
30485,280,8,70
30496,280,8,70
30506,280,8,69
30517,280,8,69
30527,280,8,69
30538,280,8,69
30548,280,8,69
30559,280,8,69
30570,280,8,66
30580,280,8,65
30591,280,8,65
30601,280,8,65
30611,280,8,65
30622,280,8,64
30632,280,8,62
30643,280,8,62
30654,280,8,62
30664,280,8,62
30675,280,8,62
30685,280,8,62
30696,280,8,62
30706,280,8,62
30717,280,8,62
30727,280,8,62
30738,280,8,62
30748,280,8,62
30759,280,8,62
30769,280,8,62
30780,280,8,62
30790,280,8,62
30801,280,8,62
30811,280,8,61
30822,280,8,61
30832,280,8,61
30843,280,8,61
30853,280,8,61
30864,280,8,61
30874,280,8,57
30885,280,8,57
30895,280,8,57
30905,280,8,57
30915,280,8,57
30925,280,8,54
30936,280,8,54
30946,280,8,54
30956,280,8,54
30967,280,8,54
30977,280,8,54
30987,280,8,54
30998,280,8,54
31008,280,8,54
31019,280,8,54
31029,280,8,54
31039,280,8,54
31049,280,8,54
31060,280,8,54
31070,280,8,54
31080,280,8,54
31090,280,8,54
31100,280,8,54
31111,280,8,53
31121,280,8,53
31131,280,8,53
31141,280,8,53
31151,280,8,53
31162,280,8,53
31172,280,8,49
31182,280,8,49
31193,280,8,49
31203,280,8,49
31213,280,8,49
31223,280,8,47
31234,280,8,46
31244,280,8,46
31254,280,8,46
31264,280,8,46
31274,280,8,46
31284,280,8,46
31294,280,8,46
31305,280,8,46
31315,280,8,46
31325,280,8,46
31335,280,8,46
31345,280,8,46
31355,280,8,46
31365,280,8,46
31375,280,8,46
31385,280,8,46
31396,280,8,46
31406,280,8,45
31416,280,8,45
31427,280,8,45
31437,280,8,45
31448,280,8,45
31458,280,8,45
31468,280,8,43
31478,280,8,41
31488,280,8,41
31498,280,8,41
31509,280,8,41
31519,280,8,41
31530,280,8,38
31540,280,8,38
31550,280,8,38
31560,280,8,38
31571,280,8,38
31581,280,8,38
31592,280,8,38
31602,280,8,38
31613,280,8,38
31623,280,8,38
31634,280,8,38
31644,280,8,38
31655,280,8,38
31665,280,8,38
31676,280,8,38
31686,280,8,38
31697,280,8,38
31707,280,8,37
31718,280,8,37
31728,280,8,37
31739,280,8,37
31749,280,8,37
31760,280,8,37
31770,280,8,34
31781,280,8,33
31791,280,8,33
31802,280,8,33
31812,280,8,33
31823,280,8,32
31833,280,8,30
31844,280,8,30
31854,280,8,30
31865,280,8,30
31875,280,8,30
31886,280,8,30
31896,280,8,30
31907,280,8,30
31917,280,8,30
31928,280,8,30
31938,280,8,30
31949,280,8,30
31959,280,8,30
31970,280,8,30
31980,280,8,30
31991,280,8,30
32001,280,8,30
32012,280,8,29
32022,280,8,29
32033,280,8,29
32043,280,8,29
32053,280,8,29
32063,280,8,29
32073,280,8,25
32083,280,8,25
32094,280,8,25
32104,280,8,25
32114,280,8,25
32125,280,8,22
32135,280,8,22
32145,280,8,22
32155,280,8,22
32165,280,8,22
32175,280,8,22
32186,280,8,22
32196,280,8,22
32206,280,8,22
32216,280,8,22
32227,280,8,22
32237,280,8,22
32247,280,8,22
32257,280,8,22
32267,280,8,22
32278,280,8,22
32288,280,8,22
32298,280,8,22
32308,280,8,21
32318,280,8,21
32328,280,8,21
32338,280,8,21
32348,280,8,21
32359,280,8,21
32369,280,8,20
32379,280,8,17
32390,280,8,17
32400,280,8,17
32410,280,8,17
32421,280,8,17
32431,280,8,14
32441,280,8,14
32451,280,8,14
32461,280,8,14
32472,280,8,14
32482,280,8,14
32492,280,8,14
32502,280,8,14
32513,280,8,14
32523,280,8,14
32533,280,8,14
32543,280,8,14
32554,280,8,14
32564,280,8,14
32574,280,8,14
32584,280,8,14
32594,280,8,14
32604,280,8,14
32614,280,8,13
32625,280,8,13
32635,280,8,13
32646,280,8,13
32656,280,8,13
32667,280,8,13
32677,280,8,9
32687,280,8,9
32697,280,8,9
32708,280,8,9
32718,280,8,9
32728,280,8,6
32739,280,8,6
32749,280,8,6
32759,280,8,6
32769,280,8,6
32779,280,8,6
32789,280,8,6
32799,280,8,6
32809,280,8,6
32819,280,8,6
32829,280,8,6
32840,280,8,6
32850,280,8,6
32860,280,8,6
32870,280,8,6
32881,280,8,6
32891,280,8,6
32902,280,8,6
32912,280,8,5
32922,280,8,5
32933,280,8,5
32943,280,8,5
32953,280,8,5
32963,280,8,5
32973,280,8,1
32983,280,8,1
32993,280,8,1
33003,280,8,1
33013,280,8,1
33024,245,7,0
33034,210,6,0
33044,210,6,0
33054,210,6,0
33064,210,6,0
33075,210,6,0
33085,210,6,0
33095,210,6,0
33106,210,6,0
33116,210,6,0
33127,210,6,0
33137,210,6,0
33148,210,6,0
33158,210,6,0
33169,210,6,0
33179,210,6,0
33189,210,6,0
33200,210,6,0
33210,175,5,0
33220,175,5,0
33230,175,5,0
33240,175,5,0
33250,175,5,0
33261,175,5,0
33271,105,3,0
33281,35,1,0
33291,35,1,0
33302,35,1,0
33312,35,1,0
33323,35,1,0
